timestamp,station_id,temperature_c,pressure_hpa,relative_humidity_pct,true_label
2024-03-15 20:00:00+00:00,42182099999,14.0,1015.3000000000001,79.18064678457553,0
2024-03-15 21:00:00+00:00,42182099999,13.4,1015.2,81.51369611551115,0
2024-03-15 22:00:00+00:00,42182099999,12.866666666666667,1015.3666666666667,84.51807873502992,0
2024-03-15 23:00:00+00:00,42182099999,12.333333333333334,1015.5333333333334,87.52246135454868,0
2024-03-16 00:00:00+00:00,42182099999,11.8,1015.7,90.52684397406745,0
2024-03-16 01:00:00+00:00,42182099999,13.6,1016.2333333333333,83.71469445764708,0
2024-03-16 02:00:00+00:00,42182099999,15.4,1016.7666666666667,76.90254494122674,0
2024-03-16 03:00:00+00:00,42182099999,17.2,1017.3,70.09039542480637,0
2024-03-16 04:00:00+00:00,42182099999,20.599999999999998,1016.9666666666666,57.50109791054678,0
2024-03-16 05:00:00+00:00,42182099999,24.0,1016.6333333333333,44.91180039628719,0
2024-03-16 06:00:00+00:00,42182099999,27.4,1016.3,32.3225028820276,0
2024-03-16 07:00:00+00:00,42182099999,27.8,1015.5,30.74961686767651,0
2024-03-16 08:00:00+00:00,42182099999,28.2,1014.6999999999999,29.176730853325427,0
2024-03-16 09:00:00+00:00,42182099999,28.6,1013.9,27.60384483897434,0
2024-03-16 10:00:00+00:00,42182099999,28.2,1013.7333333333333,29.176730853325427,0
2024-03-16 11:00:00+00:00,42182099999,27.8,1013.5666666666666,30.74961686767651,0
2024-03-16 12:00:00+00:00,42182099999,27.4,1013.4,32.3225028820276,0
2024-03-16 13:00:00+00:00,42182099999,25.4,1013.9666666666667,41.658342732671635,0
2024-03-16 14:00:00+00:00,42182099999,23.4,1014.5333333333333,50.99418258331566,0
2024-03-16 15:00:00+00:00,42182099999,21.4,1015.1,60.3300224339597,0
2024-03-16 16:00:00+00:00,42182099999,19.933333333333334,1015.4666666666667,66.15888595385573,0
2024-03-16 17:00:00+00:00,42182099999,18.466666666666665,1015.8333333333334,71.98774947375178,0
2024-03-16 18:00:00+00:00,42182099999,17.0,1016.2,77.81661299364781,0
2024-03-16 19:00:00+00:00,42182099999,16.2,1015.7,80.01408862469268,0
2024-03-16 20:00:00+00:00,42182099999,15.4,1015.2,82.21156425573754,0
2024-03-16 21:00:00+00:00,42182099999,14.6,1014.7,84.40903988678241,0
2024-03-16 22:00:00+00:00,42182099999,14.266666666666666,1014.6666666666667,85.12644768713213,0
2024-03-16 23:00:00+00:00,42182099999,13.933333333333334,1014.6333333333333,85.84385548748185,0
2024-03-17 00:00:00+00:00,42182099999,13.6,1014.6,86.56126328783157,0
2024-03-17 01:00:00+00:00,42182099999,15.0,1015.2333333333333,80.05484878498426,0
2024-03-17 02:00:00+00:00,42182099999,16.4,1015.8666666666667,73.54843428213695,0
2024-03-17 03:00:00+00:00,42182099999,17.8,1016.5,67.04201977928965,0
2024-03-17 04:00:00+00:00,42182099999,20.6,1016.4,55.21297246746483,0
2024-03-17 05:00:00+00:00,42182099999,23.4,1016.3000000000001,43.383925155640014,0
2024-03-17 06:00:00+00:00,42182099999,26.2,1016.2,31.554877843815206,0
2024-03-17 07:00:00+00:00,42182099999,27.466666666666665,1015.2666666666667,29.295360938083935,0
2024-03-17 08:00:00+00:00,42182099999,28.733333333333334,1014.3333333333334,27.03584403235266,0
2024-03-17 09:00:00+00:00,42182099999,30.0,1013.4,24.77632712662139,0
2024-03-17 10:00:00+00:00,42182099999,29.6,1013.0333333333333,25.799685563884275,0
2024-03-17 11:00:00+00:00,42182099999,29.2,1012.6666666666666,26.823044001147164,0
2024-03-17 12:00:00+00:00,42182099999,28.8,1012.3,27.84640243841005,0
2024-03-17 13:00:00+00:00,42182099999,26.2,1012.9666666666666,38.51218320668662,0
2024-03-17 14:00:00+00:00,42182099999,23.6,1013.6333333333333,49.17796397496319,0
2024-03-17 15:00:00+00:00,42182099999,21.0,1014.3,59.84374474323976,0
2024-03-17 16:00:00+00:00,42182099999,19.866666666666667,1014.4333333333333,68.5075843566812,0
2024-03-17 17:00:00+00:00,42182099999,18.733333333333334,1014.5666666666667,77.17142397012265,0
2024-03-17 18:00:00+00:00,42182099999,17.6,1014.7,85.83526358356409,0
2024-03-17 19:00:00+00:00,42182099999,16.933333333333334,1014.6666666666667,88.4814869518316,0
2024-03-17 20:00:00+00:00,42182099999,16.266666666666666,1014.6333333333333,91.12771032009913,1
2024-03-17 21:00:00+00:00,42182099999,16.266666666666666,1014.6,93.77393368836664,1
2024-03-17 22:00:00+00:00,42182099999,16.266666666666666,1014.2666666666667,92.15323448432295,1
2024-03-17 23:00:00+00:00,42182099999,16.266666666666666,1013.9333333333334,90.53253528027928,1
2024-03-18 00:00:00+00:00,42182099999,16.266666666666666,1013.6,88.91183607623559,1
2024-03-18 01:00:00+00:00,42182099999,16.266666666666666,1014.0333333333333,83.87772272052715,1
2024-03-18 02:00:00+00:00,42182099999,16.266666666666666,1014.4666666666667,78.8436093648187,1
2024-03-18 03:00:00+00:00,42182099999,16.266666666666666,1014.9,73.80949600911026,1
2024-03-18 04:00:00+00:00,42182099999,16.266666666666666,1014.8333333333334,59.81501701386489,1
2024-03-18 05:00:00+00:00,42182099999,16.266666666666666,1014.7666666666667,45.820538018619516,1
2024-03-18 06:00:00+00:00,42182099999,16.266666666666666,1014.7,31.826059023374135,1
2024-03-18 07:00:00+00:00,42182099999,16.266666666666666,1013.7666666666667,29.686202038766428,1
2024-03-18 08:00:00+00:00,42182099999,16.266666666666666,1012.8333333333334,27.546345054158717,1
2024-03-18 09:00:00+00:00,42182099999,16.266666666666666,1011.9,25.40648806955101,1
2024-03-18 10:00:00+00:00,42182099999,16.266666666666666,1011.3666666666667,25.47377383423399,1
2024-03-18 11:00:00+00:00,42182099999,16.266666666666666,1010.8333333333333,25.541059598916974,1
2024-03-18 12:00:00+00:00,42182099999,16.266666666666666,1010.3,25.608345363599955,1
2024-03-18 13:00:00+00:00,42182099999,16.266666666666666,1011.1333333333333,37.18223772038654,1
2024-03-18 14:00:00+00:00,42182099999,16.266666666666666,1011.9666666666666,48.75613007717312,1
2024-03-18 15:00:00+00:00,42182099999,16.266666666666666,1012.8,60.3300224339597,1
2024-03-18 16:00:00+00:00,42182099999,16.266666666666666,1013.0,65.48919520489788,1
2024-03-18 17:00:00+00:00,42182099999,16.266666666666666,1013.1999999999999,70.64836797583605,1
2024-03-18 18:00:00+00:00,42182099999,16.266666666666666,1013.4,75.80754074677424,1
2024-03-18 19:00:00+00:00,42182099999,16.266666666666666,1013.0333333333333,78.87490536678828,1
2024-03-18 20:00:00+00:00,42182099999,16.266666666666666,1012.6666666666666,81.94226998680234,1
2024-03-18 21:00:00+00:00,42182099999,16.266666666666666,1012.3,85.00963460681639,1
2024-03-18 22:00:00+00:00,42182099999,16.266666666666666,1012.3333333333333,86.8954661829486,1
2024-03-18 23:00:00+00:00,42182099999,16.266666666666666,1012.3666666666667,88.78129775908081,1
2024-03-19 00:00:00+00:00,42182099999,16.266666666666666,1012.4,90.66712933521302,1
2024-03-19 01:00:00+00:00,42182099999,16.266666666666666,1013.1333333333333,83.55421045970299,1
2024-03-19 02:00:00+00:00,42182099999,16.266666666666666,1013.8666666666667,76.44129158419294,1
2024-03-19 03:00:00+00:00,42182099999,16.266666666666666,1014.6,69.3283727086829,1
2024-03-19 04:00:00+00:00,42182099999,16.266666666666666,1014.4333333333334,57.73727405530437,1
2024-03-19 05:00:00+00:00,42182099999,16.266666666666666,1014.2666666666667,46.14617540192583,1
2024-03-19 06:00:00+00:00,42182099999,16.266666666666666,1014.1,34.55507674854729,1
2024-03-19 07:00:00+00:00,42182099999,16.266666666666666,1013.2,32.15327700957824,1
2024-03-19 08:00:00+00:00,42182099999,16.266666666666666,1012.3,29.751477270609186,1
2024-03-19 09:00:00+00:00,42182099999,16.266666666666666,1011.4,27.349677531640133,1
2024-03-19 10:00:00+00:00,42182099999,16.266666666666666,1010.8,27.277612253988973,1
2024-03-19 11:00:00+00:00,42182099999,16.266666666666666,1010.2,27.20554697633781,1
2024-03-19 12:00:00+00:00,42182099999,16.266666666666666,1009.6,27.13348169868665,1
2024-03-19 13:00:00+00:00,42182099999,16.266666666666666,1010.7333333333333,38.72901488678431,1
2024-03-19 14:00:00+00:00,42182099999,16.266666666666666,1011.8666666666667,50.324548074881974,1
2024-03-19 15:00:00+00:00,42182099999,16.266666666666666,1013.0,61.92008126297963,1
2024-03-19 16:00:00+00:00,42182099999,16.266666666666666,1013.0666666666667,65.67977751727557,1
2024-03-19 17:00:00+00:00,42182099999,16.266666666666666,1013.1333333333333,69.43947377157151,1
2024-03-19 18:00:00+00:00,42182099999,16.266666666666666,1013.2,73.19917002586746,1
2024-03-19 19:00:00+00:00,42182099999,16.266666666666666,1013.2,76.66121490272172,1
2024-03-19 20:00:00+00:00,42182099999,16.266666666666666,1013.2,80.12325977957599,1
2024-03-19 21:00:00+00:00,42182099999,16.266666666666666,1013.2,83.58530465643025,1
2024-03-19 22:00:00+00:00,42182099999,16.266666666666666,1013.2333333333333,85.3986055405287,1
2024-03-19 23:00:00+00:00,42182099999,16.266666666666666,1013.2666666666667,87.21190642462717,1
2024-03-20 00:00:00+00:00,42182099999,16.266666666666666,1013.3,89.02520730872563,1
2024-03-20 01:00:00+00:00,42182099999,16.266666666666666,1013.8666666666667,83.17320617620041,1
2024-03-20 02:00:00+00:00,42182099999,16.266666666666666,1014.4333333333333,77.32120504367518,1
2024-03-20 03:00:00+00:00,42182099999,16.266666666666666,1015.0,71.46920391114996,1
2024-03-20 04:00:00+00:00,42182099999,16.266666666666666,1014.4666666666667,60.27059391562559,1
2024-03-20 05:00:00+00:00,42182099999,16.266666666666666,1013.9333333333333,49.07198392010122,1
2024-03-20 06:00:00+00:00,42182099999,16.266666666666666,1013.4,37.87337392457684,1
2024-03-20 07:00:00+00:00,42182099999,16.266666666666666,1012.6333333333333,36.901087839592286,1
2024-03-20 08:00:00+00:00,42182099999,16.266666666666666,1011.8666666666667,35.92880175460773,1
2024-03-20 09:00:00+00:00,42182099999,16.266666666666666,1011.0999999999999,34.95651566962319,1
2024-03-20 10:00:00+00:00,42182099999,16.266666666666666,1010.3333333333333,33.98422958463863,1
2024-03-20 11:00:00+00:00,42182099999,16.266666666666666,1009.5666666666666,33.01194349965408,1
2024-03-20 12:00:00+00:00,42182099999,16.266666666666666,1008.8,32.03965741466953,1
2024-03-20 13:00:00+00:00,42182099999,16.266666666666666,1009.7666666666667,40.426172888017426,1
2024-03-20 14:00:00+00:00,42182099999,16.266666666666666,1010.7333333333333,48.81268836136533,1
2024-03-20 15:00:00+00:00,42182099999,16.266666666666666,1011.7,57.19920383471323,1
2024-03-20 16:00:00+00:00,42182099999,16.266666666666666,1012.4,62.91896257365436,1
2024-03-20 17:00:00+00:00,42182099999,16.266666666666666,1013.1,68.6387213125955,1
2024-03-20 18:00:00+00:00,42182099999,16.266666666666666,1013.8,74.35848005153662,1
2024-03-20 19:00:00+00:00,42182099999,16.266666666666666,1013.5,76.9477325511303,1
2024-03-20 20:00:00+00:00,42182099999,16.266666666666666,1013.1999999999999,79.53698505072398,1
2024-03-20 21:00:00+00:00,42182099999,16.266666666666666,1012.9,82.12623755031767,1
2024-03-20 22:00:00+00:00,42182099999,16.266666666666666,1013.1999999999999,83.18628586184722,1
2024-03-20 23:00:00+00:00,42182099999,16.266666666666666,1013.5,84.2463341733768,1
2024-03-21 00:00:00+00:00,42182099999,16.266666666666666,1013.8,85.30638248490635,1
2024-03-21 01:00:00+00:00,42182099999,16.266666666666666,1014.2333333333333,82.58704491670179,1
2024-03-21 02:00:00+00:00,42182099999,16.266666666666666,1014.6666666666666,79.86770734849722,1
2024-03-21 03:00:00+00:00,42182099999,16.266666666666666,1015.1,77.14836978029265,1
2024-03-21 04:00:00+00:00,42182099999,16.266666666666666,1014.7333333333333,70.82491367077317,1
2024-03-21 05:00:00+00:00,42182099999,16.266666666666666,1014.3666666666667,64.50145756125369,1
2024-03-21 06:00:00+00:00,42182099999,16.266666666666666,1014.0,58.1780014517342,1
2024-03-21 07:00:00+00:00,42182099999,16.266666666666666,1012.9666666666667,53.604742789583554,1
2024-03-21 08:00:00+00:00,42182099999,16.266666666666666,1011.9333333333333,49.03148412743292,1
2024-03-21 09:00:00+00:00,42182099999,16.266666666666666,1010.9,44.458225465282275,1
2024-03-21 10:00:00+00:00,42182099999,16.266666666666666,1010.5666666666666,47.17536991699363,1
2024-03-21 11:00:00+00:00,42182099999,16.266666666666666,1010.2333333333333,49.89251436870498,1
2024-03-21 12:00:00+00:00,42182099999,16.266666666666666,1009.9,52.609658820416335,1
2024-03-21 13:00:00+00:00,42182099999,16.266666666666666,1010.4666666666667,58.98756574250488,1
2024-03-21 14:00:00+00:00,42182099999,16.266666666666666,1011.0333333333333,65.36547266459343,1
2024-03-21 15:00:00+00:00,42182099999,16.266666666666666,1011.6,71.74337958668197,1
2024-03-21 16:00:00+00:00,42182099999,16.266666666666666,1012.1,75.68201591765511,1
2024-03-21 17:00:00+00:00,42182099999,16.266666666666666,1012.6,79.62065224862826,1
2024-03-21 18:00:00+00:00,42182099999,16.266666666666666,1013.1,83.5592885796014,1
2024-03-21 19:00:00+00:00,42182099999,16.266666666666666,1012.9,85.30965496747712,1
2024-03-21 20:00:00+00:00,42182099999,16.266666666666666,1012.7,87.06002135535282,1
2024-03-21 21:00:00+00:00,42182099999,16.266666666666666,1012.5,88.81038774322853,1
2024-03-21 22:00:00+00:00,42182099999,16.266666666666666,1011.9333333333333,89.35528867220977,1
2024-03-21 23:00:00+00:00,42182099999,16.266666666666666,1011.3666666666667,89.900189601191,1
2024-03-22 00:00:00+00:00,42182099999,16.266666666666666,1010.8,90.44509053017224,1
2024-03-22 01:00:00+00:00,42182099999,16.266666666666666,1011.0,84.85872287453694,1
2024-03-22 02:00:00+00:00,42182099999,16.266666666666666,1011.1999999999999,79.27235521890165,1
2024-03-22 03:00:00+00:00,42182099999,16.266666666666666,1011.4,73.68598756326635,1
2024-03-22 04:00:00+00:00,42182099999,16.266666666666666,1011.0333333333333,65.41205232072585,1
2024-03-22 05:00:00+00:00,42182099999,16.266666666666666,1010.6666666666666,57.13811707818533,1
2024-03-22 06:00:00+00:00,42182099999,16.266666666666666,1010.3,48.86418183564483,1
2024-03-22 07:00:00+00:00,42182099999,16.266666666666666,1009.0666666666666,45.6437789332581,1
2024-03-22 08:00:00+00:00,42182099999,16.266666666666666,1007.8333333333334,43.41532142935726,1
2024-03-22 09:00:00+00:00,42182099999,16.266666666666666,1006.6,41.18686392545643,1
2024-03-22 10:00:00+00:00,42182099999,16.266666666666666,1006.0333333333333,44.28324792507837,1
2024-03-22 11:00:00+00:00,42182099999,16.266666666666666,1005.4666666666667,47.379631924700305,1
2024-03-22 12:00:00+00:00,42182099999,16.266666666666666,1004.9,50.47601592432225,1
2024-03-22 13:00:00+00:00,42182099999,16.266666666666666,1005.5333333333333,57.77479567296436,1
2024-03-22 14:00:00+00:00,42182099999,16.266666666666666,1006.1666666666666,65.07357542160648,1
2024-03-22 15:00:00+00:00,42182099999,16.266666666666666,1006.8,72.37235517024858,1
2024-03-22 16:00:00+00:00,42182099999,16.266666666666666,1007.0333333333333,75.60704792164852,1
2024-03-22 17:00:00+00:00,42182099999,16.266666666666666,1007.2666666666667,78.84174067304845,1
2024-03-22 18:00:00+00:00,42182099999,16.266666666666666,1007.5,82.07643342444838,1
2024-03-22 19:00:00+00:00,42182099999,16.266666666666666,1007.6333333333333,84.88904198638119,1
2024-03-22 20:00:00+00:00,42182099999,16.266666666666666,1007.7666666666667,87.701650548314,1
2024-03-22 21:00:00+00:00,42182099999,16.266666666666666,1007.9,90.51425911024681,1
2024-03-22 22:00:00+00:00,42182099999,16.266666666666666,1007.8333333333334,91.04789817570011,1
2024-03-22 23:00:00+00:00,42182099999,16.266666666666666,1007.7666666666667,91.5815372411534,1
2024-03-23 00:00:00+00:00,42182099999,16.266666666666666,1007.7,92.1151763066067,1
2024-03-23 01:00:00+00:00,42182099999,16.266666666666666,1008.2,87.11588684157111,1
2024-03-23 02:00:00+00:00,42182099999,16.266666666666666,1008.7,82.11659737653552,1
2024-03-23 03:00:00+00:00,42182099999,16.266666666666666,1009.2,77.11730791149994,1
2024-03-23 04:00:00+00:00,42182099999,16.266666666666666,1008.8666666666667,62.629137132751325,1
2024-03-23 05:00:00+00:00,42182099999,16.266666666666666,1008.5333333333334,48.140966354002714,1
2024-03-23 06:00:00+00:00,42182099999,31.4,1008.2,33.65279557525411,0
2024-03-23 07:00:00+00:00,42182099999,31.866666666666664,1007.6,32.66430162467155,0
2024-03-23 08:00:00+00:00,42182099999,32.33333333333333,1007.0,31.67580767408899,0
2024-03-23 09:00:00+00:00,42182099999,32.8,1006.4,30.68731372350643,0
2024-03-23 10:00:00+00:00,42182099999,32.53333333333333,1006.1333333333333,30.286143338200656,0
2024-03-23 11:00:00+00:00,42182099999,32.266666666666666,1005.8666666666667,29.884972952894877,0
2024-03-23 12:00:00+00:00,42182099999,32.0,1005.6,29.483802567589102,0
2024-03-23 13:00:00+00:00,42182099999,29.666666666666668,1006.2666666666667,40.04305707308424,0
2024-03-23 14:00:00+00:00,42182099999,27.333333333333332,1006.9333333333334,50.60231157857938,0
2024-03-23 15:00:00+00:00,42182099999,25.0,1007.6,61.16156608407452,0
2024-03-23 16:00:00+00:00,42182099999,23.4,1007.8000000000001,67.8863196577968,0
2024-03-23 17:00:00+00:00,42182099999,21.8,1008.0,74.61107323151909,0
2024-03-23 18:00:00+00:00,42182099999,20.2,1008.2,81.33582680524137,0
2024-03-23 19:00:00+00:00,42182099999,19.733333333333334,1008.0333333333334,83.61339577453334,0
2024-03-23 20:00:00+00:00,42182099999,19.266666666666666,1007.8666666666667,85.89096474382532,0
2024-03-23 21:00:00+00:00,42182099999,18.8,1007.7,88.1685337131173,0
2024-03-23 22:00:00+00:00,42182099999,18.6,1007.8333333333334,89.48795096740942,0
2024-03-23 23:00:00+00:00,42182099999,18.4,1007.9666666666667,90.80736822170155,0
2024-03-24 00:00:00+00:00,42182099999,18.2,1008.1,92.12678547599367,0
2024-03-24 01:00:00+00:00,42182099999,19.8,1009.0333333333333,84.70047616087689,0
2024-03-24 02:00:00+00:00,42182099999,21.4,1009.9666666666667,77.2741668457601,0
2024-03-24 03:00:00+00:00,42182099999,23.0,1010.9,69.84785753064332,0
2024-03-24 04:00:00+00:00,42182099999,24.466666666666665,1011.1666666666666,62.43927277093034,0
2024-03-24 05:00:00+00:00,42182099999,25.933333333333334,1011.4333333333334,55.03068801121736,0
2024-03-24 06:00:00+00:00,42182099999,27.4,1011.7,47.62210325150437,0
2024-03-24 07:00:00+00:00,42182099999,27.933333333333334,1011.3333333333334,45.8429662805486,0
2024-03-24 08:00:00+00:00,42182099999,28.466666666666665,1010.9666666666667,44.06382930959284,0
2024-03-24 09:00:00+00:00,42182099999,29.0,1010.6,42.28469233863707,0
2024-03-24 10:00:00+00:00,42182099999,28.466666666666665,1010.2666666666667,46.56503564599418,0
2024-03-24 11:00:00+00:00,42182099999,27.933333333333334,1009.9333333333334,50.84537895335128,0
2024-03-24 12:00:00+00:00,42182099999,27.4,1009.6,55.125722260708386,0
2024-03-24 13:00:00+00:00,42182099999,25.933333333333334,1010.3666666666667,61.547285062565585,0
2024-03-24 14:00:00+00:00,42182099999,24.466666666666665,1011.1333333333333,67.96884786442278,0
2024-03-24 15:00:00+00:00,42182099999,23.0,1011.9,74.39041066627999,0
2024-03-24 16:00:00+00:00,42182099999,21.866666666666667,1012.1333333333333,77.91127651487513,0
2024-03-24 17:00:00+00:00,42182099999,20.733333333333334,1012.3666666666667,81.43214236347028,0
2024-03-24 18:00:00+00:00,42182099999,19.6,1012.6,84.95300821206541,0
2024-03-24 19:00:00+00:00,42182099999,19.0,1012.4,86.56426049083726,0
2024-03-24 20:00:00+00:00,42182099999,18.400000000000002,1012.2,88.17551276960909,0
2024-03-24 21:00:00+00:00,42182099999,17.8,1012.0,89.78676504838093,0
2024-03-24 22:00:00+00:00,42182099999,17.533333333333335,1012.3666666666667,91.1374480191822,0
2024-03-24 23:00:00+00:00,42182099999,17.266666666666666,1012.7333333333333,92.48813098998349,0
2024-03-25 00:00:00+00:00,42182099999,17.0,1013.1,93.83881396078476,0
2024-03-25 01:00:00+00:00,42182099999,18.666666666666668,1013.4333333333334,87.14405025248051,0
2024-03-25 02:00:00+00:00,42182099999,20.333333333333332,1013.7666666666667,80.44928654417626,0
2024-03-25 03:00:00+00:00,42182099999,22.0,1014.1,73.75452283587201,0
2024-03-25 04:00:00+00:00,42182099999,24.466666666666665,1013.8000000000001,64.23421859926913,0
2024-03-25 05:00:00+00:00,42182099999,26.933333333333334,1013.5,54.71391436266626,0
2024-03-25 06:00:00+00:00,42182099999,29.4,1013.2,45.19361012606338,0
2024-03-25 07:00:00+00:00,42182099999,30.466666666666665,1012.2,43.50229467299221,0
2024-03-25 08:00:00+00:00,42182099999,31.533333333333335,1011.2,41.81097921992102,0
2024-03-25 09:00:00+00:00,42182099999,32.6,1010.2,40.11966376684985,0
2024-03-25 10:00:00+00:00,42182099999,32.4,1009.9333333333334,41.29601949172024,0
2024-03-25 11:00:00+00:00,42182099999,32.2,1009.6666666666666,42.47237521659063,0
2024-03-25 12:00:00+00:00,42182099999,32.0,1009.4,43.64873094146102,0
2024-03-25 13:00:00+00:00,42182099999,29.666666666666668,1009.7666666666667,50.814324112879625,0
2024-03-25 14:00:00+00:00,42182099999,27.333333333333332,1010.1333333333333,57.979917284298224,0
2024-03-25 15:00:00+00:00,42182099999,25.0,1010.5,65.14551045571683,0
2024-03-25 16:00:00+00:00,42182099999,23.933333333333334,1010.8666666666667,70.7809379016242,0
2024-03-25 17:00:00+00:00,42182099999,22.866666666666667,1011.2333333333333,76.41636534753155,0
2024-03-25 18:00:00+00:00,42182099999,21.8,1011.6,82.05179279343892,0
2024-03-25 19:00:00+00:00,42182099999,21.2,1011.4666666666667,84.12454340980578,0
2024-03-25 20:00:00+00:00,42182099999,20.6,1011.3333333333334,86.19729402617263,0
2024-03-25 21:00:00+00:00,42182099999,20.0,1011.2,88.27004464253949,0
2024-03-25 22:00:00+00:00,42182099999,19.666666666666668,1010.8666666666667,88.99505993841707,0
2024-03-25 23:00:00+00:00,42182099999,19.333333333333332,1010.5333333333334,89.72007523429465,0
2024-03-26 00:00:00+00:00,42182099999,19.0,1010.2,90.44509053017224,0
2024-03-26 01:00:00+00:00,42182099999,20.266666666666666,1010.7666666666667,83.56663318588369,0
2024-03-26 02:00:00+00:00,42182099999,21.533333333333335,1011.3333333333334,76.68817584159514,0
2024-03-26 03:00:00+00:00,42182099999,22.8,1011.9,69.80971849730659,0
2024-03-26 04:00:00+00:00,42182099999,25.333333333333332,1011.8666666666667,61.98389605291018,0
2024-03-26 05:00:00+00:00,42182099999,27.866666666666667,1011.8333333333333,54.15807360851377,0
2024-03-26 06:00:00+00:00,42182099999,30.4,1011.8,46.33225116411736,0
2024-03-26 07:00:00+00:00,42182099999,31.53333333333333,1011.1999999999999,39.42473100588011,0
2024-03-26 08:00:00+00:00,42182099999,32.666666666666664,1010.6,32.517210847642865,0
2024-03-26 09:00:00+00:00,42182099999,33.8,1010.0,25.609690689405618,0
2024-03-26 10:00:00+00:00,42182099999,32.5,1010.15,30.947131021012385,0
2024-03-26 11:00:00+00:00,42182099999,31.2,1010.3,36.28457135261915,0
2024-03-26 12:00:00+00:00,42182099999,29.9,1010.45,41.62201168422592,0
2024-03-26 13:00:00+00:00,42182099999,28.599999999999998,1010.6,46.95945201583268,0
2024-03-26 14:00:00+00:00,42182099999,27.299999999999997,1010.75,52.29689234743945,0
2024-03-26 15:00:00+00:00,42182099999,26.0,1010.9,57.63433267904622,0
2024-03-26 16:00:00+00:00,42182099999,24.8,1011.2333333333333,64.30065740822451,0
2024-03-26 17:00:00+00:00,42182099999,23.599999999999998,1011.5666666666666,70.9669821374028,0
2024-03-26 18:00:00+00:00,42182099999,22.4,1011.9,77.6333068665811,0
2024-03-26 19:00:00+00:00,42182099999,22.755555555555553,1012.1777777777778,75.69049248556458,0
2024-03-26 20:00:00+00:00,42182099999,23.11111111111111,1012.4555555555555,73.74767810454806,0
2024-03-26 21:00:00+00:00,42182099999,23.466666666666665,1012.7333333333333,71.80486372353154,0
2024-03-26 22:00:00+00:00,42182099999,23.822222222222223,1013.0111111111111,69.86204934251502,0
2024-03-26 23:00:00+00:00,42182099999,24.177777777777777,1013.2888888888889,67.9192349614985,0
2024-03-27 00:00:00+00:00,42182099999,24.533333333333335,1013.5666666666666,65.97642058048199,0
2024-03-27 01:00:00+00:00,42182099999,,,,0
2024-03-27 02:00:00+00:00,42182099999,,,,0
2024-03-27 03:00:00+00:00,42182099999,25.6,1014.4,60.147977437432424,0
2024-03-27 04:00:00+00:00,42182099999,27.8,1014.2666666666667,54.30476560291898,0
2024-03-27 05:00:00+00:00,42182099999,30.000000000000004,1014.1333333333333,48.46155376840552,0
2024-03-27 06:00:00+00:00,42182099999,32.2,1014.0,42.618341933892076,0
2024-03-27 07:00:00+00:00,42182099999,33.333333333333336,1013.0333333333333,39.44220789665024,0
2024-03-27 08:00:00+00:00,42182099999,34.46666666666667,1012.0666666666667,36.26607385940841,0
2024-03-27 09:00:00+00:00,42182099999,35.6,1011.1,33.08993982216657,0
2024-03-27 10:00:00+00:00,42182099999,34.93333333333334,1010.5,35.43999298609172,0
2024-03-27 11:00:00+00:00,42182099999,34.266666666666666,1009.9,37.790046150016856,0
2024-03-27 12:00:00+00:00,42182099999,33.6,1009.3,40.140099313942,0
2024-03-27 13:00:00+00:00,42182099999,32.0,1009.8666666666667,44.79381824315978,0
2024-03-27 14:00:00+00:00,42182099999,30.400000000000002,1010.4333333333333,49.44753717237756,0
2024-03-27 15:00:00+00:00,42182099999,28.8,1011.0,54.10125610159533,0
2024-03-27 16:00:00+00:00,42182099999,28.743089430894308,1010.9788617886179,54.143168675279085,0
2024-03-27 17:00:00+00:00,42182099999,28.68617886178862,1010.9577235772358,54.18508124896283,0
2024-03-27 18:00:00+00:00,42182099999,28.629268292682926,1010.9365853658536,54.226993822646584,0
2024-03-27 19:00:00+00:00,42182099999,28.572357723577237,1010.9154471544715,54.26890639633034,0
2024-03-27 20:00:00+00:00,42182099999,28.515447154471545,1010.8943089430894,54.31081897001408,0
2024-03-27 21:00:00+00:00,42182099999,28.458536585365856,1010.8731707317073,54.352731543697836,0
2024-03-27 22:00:00+00:00,42182099999,,,,0
2024-03-27 23:00:00+00:00,42182099999,,,,0
2024-03-28 00:00:00+00:00,42182099999,,,,0
2024-03-28 01:00:00+00:00,42182099999,,,,0
2024-03-28 02:00:00+00:00,42182099999,,,,0
2024-03-28 03:00:00+00:00,42182099999,,,,0
2024-03-28 04:00:00+00:00,42182099999,,,,0
2024-03-28 05:00:00+00:00,42182099999,,,,0
2024-03-28 06:00:00+00:00,42182099999,,,,0
2024-03-28 07:00:00+00:00,42182099999,,,,0
2024-03-28 08:00:00+00:00,42182099999,,,,0
2024-03-28 09:00:00+00:00,42182099999,,,,0
2024-03-28 10:00:00+00:00,42182099999,,,,0
2024-03-28 11:00:00+00:00,42182099999,,,,0
2024-03-28 12:00:00+00:00,42182099999,,,,0
2024-03-28 13:00:00+00:00,42182099999,,,,0
2024-03-28 14:00:00+00:00,42182099999,,,,0
2024-03-28 15:00:00+00:00,42182099999,,,,0
2024-03-28 16:00:00+00:00,42182099999,,,,0
2024-03-28 17:00:00+00:00,42182099999,,,,0
2024-03-28 18:00:00+00:00,42182099999,,,,0
2024-03-28 19:00:00+00:00,42182099999,,,,0
2024-03-28 20:00:00+00:00,42182099999,,,,0
2024-03-28 21:00:00+00:00,42182099999,,,,0
2024-03-28 22:00:00+00:00,42182099999,,,,0
2024-03-28 23:00:00+00:00,42182099999,,,,0
2024-03-29 00:00:00+00:00,42182099999,,,,0
2024-03-29 01:00:00+00:00,42182099999,,,,0
2024-03-29 02:00:00+00:00,42182099999,,,,0
2024-03-29 03:00:00+00:00,42182099999,,,,0
2024-03-29 04:00:00+00:00,42182099999,,,,0
2024-03-29 05:00:00+00:00,42182099999,,,,0
2024-03-29 06:00:00+00:00,42182099999,,,,0
2024-03-29 07:00:00+00:00,42182099999,,,,0
2024-03-29 08:00:00+00:00,42182099999,,,,0
2024-03-29 09:00:00+00:00,42182099999,,,,0
2024-03-29 10:00:00+00:00,42182099999,,,,0
2024-03-29 11:00:00+00:00,42182099999,,,,0
2024-03-29 12:00:00+00:00,42182099999,,,,0
2024-03-29 13:00:00+00:00,42182099999,,,,0
2024-03-29 14:00:00+00:00,42182099999,,,,0
2024-03-29 15:00:00+00:00,42182099999,,,,0
2024-03-29 16:00:00+00:00,42182099999,,,,0
2024-03-29 17:00:00+00:00,42182099999,,,,0
2024-03-29 18:00:00+00:00,42182099999,,,,0
2024-03-29 19:00:00+00:00,42182099999,,,,0
2024-03-29 20:00:00+00:00,42182099999,,,,0
2024-03-29 21:00:00+00:00,42182099999,,,,0
2024-03-29 22:00:00+00:00,42182099999,,,,0
2024-03-29 23:00:00+00:00,42182099999,,,,0
2024-03-30 00:00:00+00:00,42182099999,,,,0
2024-03-30 01:00:00+00:00,42182099999,,,,0
2024-03-30 02:00:00+00:00,42182099999,,,,0
2024-03-30 03:00:00+00:00,42182099999,,,,0
2024-03-30 04:00:00+00:00,42182099999,,,,0
2024-03-30 05:00:00+00:00,42182099999,,,,0
2024-03-30 06:00:00+00:00,42182099999,,,,0
2024-03-30 07:00:00+00:00,42182099999,,,,0
2024-03-30 08:00:00+00:00,42182099999,,,,0
2024-03-30 09:00:00+00:00,42182099999,,,,0
2024-03-30 10:00:00+00:00,42182099999,,,,0
2024-03-30 11:00:00+00:00,42182099999,,,,0
2024-03-30 12:00:00+00:00,42182099999,,,,0
2024-03-30 13:00:00+00:00,42182099999,,,,0
2024-03-30 14:00:00+00:00,42182099999,,,,0
2024-03-30 15:00:00+00:00,42182099999,,,,0
2024-03-30 16:00:00+00:00,42182099999,,,,0
2024-03-30 17:00:00+00:00,42182099999,,,,0
2024-03-30 18:00:00+00:00,42182099999,,,,0
2024-03-30 19:00:00+00:00,42182099999,,,,0
2024-03-30 20:00:00+00:00,42182099999,,,,0
2024-03-30 21:00:00+00:00,42182099999,,,,0
2024-03-30 22:00:00+00:00,42182099999,,,,0
2024-03-30 23:00:00+00:00,42182099999,,,,0
2024-03-31 00:00:00+00:00,42182099999,,,,0
2024-03-31 01:00:00+00:00,42182099999,,,,0
2024-03-31 02:00:00+00:00,42182099999,,,,0
2024-03-31 03:00:00+00:00,42182099999,,,,0
2024-03-31 04:00:00+00:00,42182099999,,,,0
2024-03-31 05:00:00+00:00,42182099999,,,,0
2024-03-31 06:00:00+00:00,42182099999,,,,0
2024-03-31 07:00:00+00:00,42182099999,,,,0
2024-03-31 08:00:00+00:00,42182099999,,,,0
2024-03-31 09:00:00+00:00,42182099999,,,,0
2024-03-31 10:00:00+00:00,42182099999,,,,0
2024-03-31 11:00:00+00:00,42182099999,,,,0
2024-03-31 12:00:00+00:00,42182099999,,,,0
2024-03-31 13:00:00+00:00,42182099999,,,,0
2024-03-31 14:00:00+00:00,42182099999,,,,0
2024-03-31 15:00:00+00:00,42182099999,,,,0
2024-03-31 16:00:00+00:00,42182099999,,,,0
2024-03-31 17:00:00+00:00,42182099999,,,,0
2024-03-31 18:00:00+00:00,42182099999,,,,0
2024-03-31 19:00:00+00:00,42182099999,,,,0
2024-03-31 20:00:00+00:00,42182099999,,,,0
2024-03-31 21:00:00+00:00,42182099999,,,,0
2024-03-31 22:00:00+00:00,42182099999,,,,0
2024-03-31 23:00:00+00:00,42182099999,,,,0
2024-04-01 00:00:00+00:00,42182099999,,,,0
2024-04-01 01:00:00+00:00,42182099999,,,,0
2024-04-01 02:00:00+00:00,42182099999,,,,0
2024-04-01 03:00:00+00:00,42182099999,,,,0
2024-04-01 04:00:00+00:00,42182099999,,,,0
2024-04-01 05:00:00+00:00,42182099999,,,,0
2024-04-01 06:00:00+00:00,42182099999,,,,0
2024-04-01 07:00:00+00:00,42182099999,,,,0
2024-04-01 08:00:00+00:00,42182099999,,,,0
2024-04-01 09:00:00+00:00,42182099999,,,,0
2024-04-01 10:00:00+00:00,42182099999,,,,0
2024-04-01 11:00:00+00:00,42182099999,,,,0
2024-04-01 12:00:00+00:00,42182099999,,,,0
2024-04-01 13:00:00+00:00,42182099999,,,,0
2024-04-01 14:00:00+00:00,42182099999,,,,0
2024-04-01 15:00:00+00:00,42182099999,,,,0
2024-04-01 16:00:00+00:00,42182099999,,,,0
2024-04-01 17:00:00+00:00,42182099999,,,,0
2024-04-01 18:00:00+00:00,42182099999,21.8,1008.4,59.25650266469661,0
2024-04-01 19:00:00+00:00,42182099999,21.400000000000002,1007.9333333333333,60.49032716222103,0
2024-04-01 20:00:00+00:00,42182099999,21.0,1007.4666666666667,61.72415165974545,0
2024-04-01 21:00:00+00:00,42182099999,20.6,1007.0,62.95797615726987,0
2024-04-01 22:00:00+00:00,42182099999,19.6,1006.9666666666667,67.94101846362739,0
2024-04-01 23:00:00+00:00,42182099999,18.6,1006.9333333333333,72.92406076998492,0
2024-04-02 00:00:00+00:00,42182099999,17.6,1006.9,77.90710307634244,0
2024-04-02 01:00:00+00:00,42182099999,19.26666666666667,1007.2666666666667,70.50766093230803,0
2024-04-02 02:00:00+00:00,42182099999,20.933333333333334,1007.6333333333333,63.108218788273604,0
2024-04-02 03:00:00+00:00,42182099999,22.6,1008.0,55.70877664423919,0
2024-04-02 04:00:00+00:00,42182099999,22.40952380952381,1008.0,56.631580999627715,0
2024-04-02 05:00:00+00:00,42182099999,22.219047619047622,1008.0,57.55438535501624,0
2024-04-02 06:00:00+00:00,42182099999,22.02857142857143,1008.0,58.477189710404765,0
2024-04-02 07:00:00+00:00,42182099999,21.83809523809524,1008.0,59.39999406579329,0
2024-04-02 08:00:00+00:00,42182099999,21.64761904761905,1008.0,60.322798421181815,0
2024-04-02 09:00:00+00:00,42182099999,21.45714285714286,1008.0,61.24560277657034,0
2024-04-02 10:00:00+00:00,42182099999,,,,0
2024-04-02 11:00:00+00:00,42182099999,,,,0
2024-04-02 12:00:00+00:00,42182099999,,,,0
2024-04-02 13:00:00+00:00,42182099999,,,,0
2024-04-02 14:00:00+00:00,42182099999,,,,0
2024-04-02 15:00:00+00:00,42182099999,,,,0
2024-04-02 16:00:00+00:00,42182099999,,,,0
2024-04-02 17:00:00+00:00,42182099999,,,,0
2024-04-02 18:00:00+00:00,42182099999,,,,0
2024-04-02 19:00:00+00:00,42182099999,,,,0
2024-04-02 20:00:00+00:00,42182099999,,,,0
2024-04-02 21:00:00+00:00,42182099999,,,,0
2024-04-02 22:00:00+00:00,42182099999,,,,0
2024-04-02 23:00:00+00:00,42182099999,,,,0
2024-04-03 00:00:00+00:00,42182099999,18.6,1008.0,75.08766810739822,0
2024-04-03 01:00:00+00:00,42182099999,20.0,1008.4666666666667,71.20736964038711,0
2024-04-03 02:00:00+00:00,42182099999,21.400000000000002,1008.9333333333333,67.32707117337601,0
2024-04-03 03:00:00+00:00,42182099999,22.8,1009.4,63.44677270636492,0
2024-04-03 04:00:00+00:00,42182099999,26.2,1009.2666666666667,52.88343831921434,0
2024-04-03 05:00:00+00:00,42182099999,29.6,1009.1333333333333,42.32010393206376,0
2024-04-03 06:00:00+00:00,42182099999,33.0,1009.0,31.756769544913187,0
2024-04-03 07:00:00+00:00,42182099999,34.06666666666667,1007.9666666666667,29.15388957605768,0
2024-04-03 08:00:00+00:00,42182099999,35.13333333333333,1006.9333333333333,26.55100960720217,0
2024-04-03 09:00:00+00:00,42182099999,36.2,1005.9,23.948129638346664,0
2024-04-03 10:00:00+00:00,42182099999,35.266666666666666,1005.7333333333333,25.855493547220718,0
2024-04-03 11:00:00+00:00,42182099999,34.333333333333336,1005.5666666666666,27.762857456094775,0
2024-04-03 12:00:00+00:00,42182099999,33.4,1005.4,29.67022136496883,0
2024-04-03 13:00:00+00:00,42182099999,31.2,1006.1,36.65016200884039,0
2024-04-03 14:00:00+00:00,42182099999,29.0,1006.8,43.630102652711955,0
2024-04-03 15:00:00+00:00,42182099999,26.8,1007.5,50.61004329658352,0
2024-04-03 16:00:00+00:00,42182099999,26.2,1007.7,53.616344055476496,0
2024-04-03 17:00:00+00:00,42182099999,25.6,1007.9,56.62264481436947,0
2024-04-03 18:00:00+00:00,42182099999,25.0,1008.1,59.62894557326245,0
2024-04-03 19:00:00+00:00,42182099999,24.2,1008.0333333333333,60.35035845007655,0
2024-04-03 20:00:00+00:00,42182099999,23.400000000000002,1007.9666666666667,61.07177132689064,0
2024-04-03 21:00:00+00:00,42182099999,22.6,1007.9,61.79318420370474,0
2024-04-03 22:00:00+00:00,42182099999,22.2,1007.8,62.377758234584135,0
2024-04-03 23:00:00+00:00,42182099999,21.8,1007.7,62.96233226546352,0
2024-04-04 00:00:00+00:00,42182099999,21.4,1007.6,63.54690629634292,0
2024-04-04 01:00:00+00:00,42182099999,22.8,1008.0,60.129608902511485,0
2024-04-04 02:00:00+00:00,42182099999,24.2,1008.4,56.712311508680045,0
2024-04-04 03:00:00+00:00,42182099999,25.6,1008.8,53.29501411484861,0
2024-04-04 04:00:00+00:00,42182099999,28.400000000000002,1008.6666666666666,45.03151928709667,0
2024-04-04 05:00:00+00:00,42182099999,31.2,1008.5333333333333,36.76802445934473,0
2024-04-04 06:00:00+00:00,42182099999,34.0,1008.4,28.504529631592796,0
2024-04-04 07:00:00+00:00,42182099999,34.733333333333334,1007.6333333333333,27.52519041068854,0
2024-04-04 08:00:00+00:00,42182099999,35.46666666666667,1006.8666666666667,26.545851189784283,0
2024-04-04 09:00:00+00:00,42182099999,36.2,1006.1,25.56651196888003,0
2024-04-04 10:00:00+00:00,42182099999,35.86666666666667,1005.7666666666667,26.22705199132074,0
2024-04-04 11:00:00+00:00,42182099999,35.53333333333334,1005.4333333333334,26.887592013761445,0
2024-04-04 12:00:00+00:00,42182099999,35.2,1005.1,27.548132036202155,0
2024-04-04 13:00:00+00:00,42182099999,32.6,1005.9,35.073177061871206,0
2024-04-04 14:00:00+00:00,42182099999,30.0,1006.7,42.59822208754025,0
2024-04-04 15:00:00+00:00,42182099999,27.4,1007.5,50.1232671132093,0
2024-04-04 16:00:00+00:00,42182099999,26.266666666666666,1007.7333333333333,53.85649224035239,0
2024-04-04 17:00:00+00:00,42182099999,25.133333333333333,1007.9666666666667,57.58971736749547,0
2024-04-04 18:00:00+00:00,42182099999,24.0,1008.2,61.32294249463855,0
2024-04-04 19:00:00+00:00,42182099999,24.866666666666667,1007.8333333333334,56.88980593501065,0
2024-04-04 20:00:00+00:00,42182099999,25.733333333333334,1007.4666666666667,52.45666937538274,0
2024-04-04 21:00:00+00:00,42182099999,26.6,1007.1,48.023532815754834,0
2024-04-04 22:00:00+00:00,42182099999,24.933333333333334,1007.0,54.91393837411666,0
2024-04-04 23:00:00+00:00,42182099999,23.26666666666667,1006.9,61.804343932478496,0
2024-04-05 00:00:00+00:00,42182099999,21.6,1006.8,68.69474949084032,0
2024-04-05 01:00:00+00:00,42182099999,23.066666666666666,1007.4333333333333,63.256878550888835,0
2024-04-05 02:00:00+00:00,42182099999,24.533333333333335,1008.0666666666667,57.81900761093734,0
2024-04-05 03:00:00+00:00,42182099999,26.0,1008.7,52.38113667098585,0
2024-04-05 04:00:00+00:00,42182099999,28.866666666666667,1008.4,43.814541887946994,0
2024-04-05 05:00:00+00:00,42182099999,31.733333333333334,1008.1,35.247947104908135,0
2024-04-05 06:00:00+00:00,42182099999,34.6,1007.8,26.681352321869277,0
2024-04-05 07:00:00+00:00,42182099999,34.733333333333334,1007.0333333333333,26.89306228202974,0
2024-04-05 08:00:00+00:00,42182099999,34.86666666666667,1006.2666666666667,27.1047722421902,0
2024-04-05 09:00:00+00:00,42182099999,35.0,1005.5,27.316482202350663,0
2024-04-05 10:00:00+00:00,42182099999,34.13333333333333,1005.4,28.537772518663896,0
2024-04-05 11:00:00+00:00,42182099999,33.266666666666666,1005.3000000000001,29.75906283497713,0
2024-04-05 12:00:00+00:00,42182099999,32.4,1005.2,30.980353151290362,0
2024-04-05 13:00:00+00:00,42182099999,31.266666666666666,1005.7666666666667,35.11559121650007,0
2024-04-05 14:00:00+00:00,42182099999,30.133333333333333,1006.3333333333334,39.25082928170978,0
2024-04-05 15:00:00+00:00,42182099999,29.0,1006.9,43.38606734691948,0
2024-04-05 16:00:00+00:00,42182099999,28.266666666666666,1007.1999999999999,43.27783464331798,0
2024-04-05 17:00:00+00:00,42182099999,27.533333333333335,1007.5,43.16960193971648,0
2024-04-05 18:00:00+00:00,42182099999,26.8,1007.8,43.06136923611498,0
2024-04-05 19:00:00+00:00,42182099999,26.266666666666666,1007.4666666666666,43.68205474860593,0
2024-04-05 20:00:00+00:00,42182099999,25.733333333333334,1007.1333333333333,44.302740261096886,1
2024-04-05 21:00:00+00:00,42182099999,25.733333333333334,1006.8,44.92342577358784,1
2024-04-05 22:00:00+00:00,42182099999,25.733333333333334,1007.0666666666666,49.7011180706241,1
2024-04-05 23:00:00+00:00,42182099999,25.733333333333334,1007.3333333333334,54.47881036766035,1
2024-04-06 00:00:00+00:00,42182099999,25.733333333333334,1007.6,59.25650266469661,1
2024-04-06 01:00:00+00:00,42182099999,25.733333333333334,1008.2,54.99562821140205,1
2024-04-06 02:00:00+00:00,42182099999,25.733333333333334,1008.8,50.734753758107495,1
2024-04-06 03:00:00+00:00,42182099999,25.733333333333334,1009.4,46.47387930481293,1
2024-04-06 04:00:00+00:00,42182099999,25.733333333333334,1009.1333333333333,39.73499002639743,1
2024-04-06 05:00:00+00:00,42182099999,25.733333333333334,1008.8666666666667,32.996100747981934,1
2024-04-06 06:00:00+00:00,42182099999,25.733333333333334,1008.6,26.25721146956644,1
2024-04-06 07:00:00+00:00,42182099999,25.733333333333334,1007.6333333333333,26.1115067071496,1
2024-04-06 08:00:00+00:00,42182099999,25.733333333333334,1006.6666666666667,25.965801944732764,1
2024-04-06 09:00:00+00:00,42182099999,25.733333333333334,1005.7,25.820097182315926,1
2024-04-06 10:00:00+00:00,42182099999,25.733333333333334,1005.3333333333334,26.62524041517099,1
2024-04-06 11:00:00+00:00,42182099999,25.733333333333334,1004.9666666666667,27.430383648026055,1
2024-04-06 12:00:00+00:00,42182099999,25.733333333333334,1004.6,28.235526880881118,1
2024-04-06 13:00:00+00:00,42182099999,25.733333333333334,1005.1333333333333,34.312729580534715,1
2024-04-06 14:00:00+00:00,42182099999,25.733333333333334,1005.6666666666667,40.38993228018831,1
2024-04-06 15:00:00+00:00,42182099999,25.733333333333334,1006.2,46.46713497984191,1
2024-04-06 16:00:00+00:00,42182099999,25.733333333333334,1006.7666666666667,45.83045749456682,1
2024-04-06 17:00:00+00:00,42182099999,25.733333333333334,1007.3333333333334,45.19378000929174,1
2024-04-06 18:00:00+00:00,42182099999,25.733333333333334,1007.9,44.557102524016656,1
2024-04-06 19:00:00+00:00,42182099999,25.733333333333334,1007.6666666666666,44.82213359170962,1
2024-04-06 20:00:00+00:00,42182099999,25.733333333333334,1007.4333333333334,45.08716465940258,1
2024-04-06 21:00:00+00:00,42182099999,25.733333333333334,1007.2,45.35219572709555,1
2024-04-06 22:00:00+00:00,42182099999,25.733333333333334,1007.3000000000001,51.238619715631636,1
2024-04-06 23:00:00+00:00,42182099999,25.733333333333334,1007.4,57.125043704167716,1
2024-04-07 00:00:00+00:00,42182099999,25.733333333333334,1007.5,63.0114676927038,1
2024-04-07 01:00:00+00:00,42182099999,25.733333333333334,1008.0333333333333,57.53284079762925,1
2024-04-07 02:00:00+00:00,42182099999,25.733333333333334,1008.5666666666667,52.0542139025547,1
2024-04-07 03:00:00+00:00,42182099999,25.733333333333334,1009.1,46.575587007480145,1
2024-04-07 04:00:00+00:00,42182099999,25.733333333333334,1008.9333333333334,38.656189159973664,1
2024-04-07 05:00:00+00:00,42182099999,25.733333333333334,1008.7666666666667,30.736791312467183,1
2024-04-07 06:00:00+00:00,42182099999,25.733333333333334,1008.6,22.8173934649607,1
2024-04-07 07:00:00+00:00,42182099999,25.733333333333334,1007.5333333333333,22.339809409139608,1
2024-04-07 08:00:00+00:00,42182099999,25.733333333333334,1006.4666666666667,21.862225353318514,1
2024-04-07 09:00:00+00:00,42182099999,25.733333333333334,1005.4,21.384641297497424,1
2024-04-07 10:00:00+00:00,42182099999,25.733333333333334,1005.1,21.86205812422322,1
2024-04-07 11:00:00+00:00,42182099999,25.733333333333334,1004.8,22.33947495094902,1
2024-04-07 12:00:00+00:00,42182099999,25.733333333333334,1004.5,22.816891777674815,1
2024-04-07 13:00:00+00:00,42182099999,25.733333333333334,1005.2333333333333,31.09829983095502,1
2024-04-07 14:00:00+00:00,42182099999,25.733333333333334,1005.9666666666667,39.37970788423523,1
2024-04-07 15:00:00+00:00,42182099999,25.733333333333334,1006.7,47.66111593751544,1
2024-04-07 16:00:00+00:00,42182099999,25.733333333333334,1007.2,51.52624484657583,1
2024-04-07 17:00:00+00:00,42182099999,25.733333333333334,1007.7,55.391373755636224,1
2024-04-07 18:00:00+00:00,42182099999,25.733333333333334,1008.2,59.25650266469661,1
2024-04-07 19:00:00+00:00,42182099999,25.733333333333334,1007.9666666666667,61.82959352196675,1
2024-04-07 20:00:00+00:00,42182099999,25.733333333333334,1007.7333333333333,64.40268437923689,1
2024-04-07 21:00:00+00:00,42182099999,25.733333333333334,1007.5,66.97577523650703,1
2024-04-07 22:00:00+00:00,42182099999,25.733333333333334,1007.6,67.3759307874553,1
2024-04-07 23:00:00+00:00,42182099999,25.733333333333334,1007.6999999999999,67.77608633840359,1
2024-04-08 00:00:00+00:00,42182099999,25.733333333333334,1007.8,68.17624188935186,1
2024-04-08 01:00:00+00:00,42182099999,25.733333333333334,1008.4,58.979343147202414,1
2024-04-08 02:00:00+00:00,42182099999,25.733333333333334,1009.0,49.78244440505297,1
2024-04-08 03:00:00+00:00,42182099999,25.733333333333334,1009.6,40.585545662903534,1
2024-04-08 04:00:00+00:00,42182099999,25.733333333333334,1009.6,35.043490854737264,1
2024-04-08 05:00:00+00:00,42182099999,25.733333333333334,1009.6,29.501436046570987,1
2024-04-08 06:00:00+00:00,42182099999,25.733333333333334,1009.6,23.959381238404717,1
2024-04-08 07:00:00+00:00,42182099999,25.733333333333334,1008.8333333333334,22.873429386221268,1
2024-04-08 08:00:00+00:00,42182099999,25.733333333333334,1008.0666666666666,21.787477534037816,1
2024-04-08 09:00:00+00:00,42182099999,25.733333333333334,1007.3,20.701525681854367,1
2024-04-08 10:00:00+00:00,42182099999,25.733333333333334,1006.9666666666666,21.66394947413143,1
2024-04-08 11:00:00+00:00,42182099999,25.733333333333334,1006.6333333333333,22.626373266408493,1
2024-04-08 12:00:00+00:00,42182099999,25.733333333333334,1006.3,23.588797058685557,1
2024-04-08 13:00:00+00:00,42182099999,25.733333333333334,1006.9333333333333,31.343452649351573,1
2024-04-08 14:00:00+00:00,42182099999,25.733333333333334,1007.5666666666667,39.09810824001759,1
2024-04-08 15:00:00+00:00,42182099999,25.733333333333334,1008.2,46.85276383068361,1
2024-04-08 16:00:00+00:00,42182099999,25.733333333333334,1008.6,50.15465045512212,1
2024-04-08 17:00:00+00:00,42182099999,25.733333333333334,1009.0,53.45653707956063,1
2024-04-08 18:00:00+00:00,42182099999,25.733333333333334,1009.4,56.75842370399915,1
2024-04-08 19:00:00+00:00,42182099999,21.8,1009.1999999999999,57.75529366752601,0
2024-04-08 20:00:00+00:00,42182099999,21.2,1009.0,58.752163631052866,0
2024-04-08 21:00:00+00:00,42182099999,20.6,1008.8,59.74903359457973,0
2024-04-08 22:00:00+00:00,42182099999,20.133333333333333,1008.8333333333333,63.17178872121533,0
2024-04-08 23:00:00+00:00,42182099999,19.666666666666668,1008.8666666666667,66.59454384785093,0
2024-04-09 00:00:00+00:00,42182099999,19.2,1008.9,70.01729897448654,0
2024-04-09 01:00:00+00:00,42182099999,21.2,1009.4666666666667,62.45755445191764,0
2024-04-09 02:00:00+00:00,42182099999,23.2,1010.0333333333333,54.89780992934874,0
2024-04-09 03:00:00+00:00,42182099999,25.2,1010.6,47.33806540677984,0
2024-04-09 04:00:00+00:00,42182099999,28.133333333333333,1010.4,40.51653918093411,0
2024-04-09 05:00:00+00:00,42182099999,31.066666666666666,1010.2,33.69501295508838,1
2024-04-09 06:00:00+00:00,42182099999,31.066666666666666,1010.0,26.87348672924265,1
2024-04-09 07:00:00+00:00,42182099999,31.066666666666666,1009.2333333333333,24.432584536205074,1
2024-04-09 08:00:00+00:00,42182099999,31.066666666666666,1008.4666666666667,21.991682343167497,1
2024-04-09 09:00:00+00:00,42182099999,31.066666666666666,1007.7,19.55078015012992,1
2024-04-09 10:00:00+00:00,42182099999,31.066666666666666,1007.0666666666667,20.640175377226722,1
2024-04-09 11:00:00+00:00,42182099999,31.066666666666666,1006.4333333333333,21.729570604323527,1
2024-04-09 12:00:00+00:00,42182099999,31.066666666666666,1005.8,22.81896583142033,1
2024-04-09 13:00:00+00:00,42182099999,31.066666666666666,1006.6999999999999,30.041431563317932,1
2024-04-09 14:00:00+00:00,42182099999,31.066666666666666,1007.6,37.263897295215536,1
2024-04-09 15:00:00+00:00,42182099999,31.066666666666666,1008.5,44.48636302711314,1
2024-04-09 16:00:00+00:00,42182099999,31.066666666666666,1008.8666666666667,48.5606074978626,1
2024-04-09 17:00:00+00:00,42182099999,31.066666666666666,1009.2333333333333,52.63485196861206,1
2024-04-09 18:00:00+00:00,42182099999,31.066666666666666,1009.6,56.70909643936152,1
2024-04-09 19:00:00+00:00,42182099999,31.066666666666666,1009.4333333333334,59.16216056628083,1
2024-04-09 20:00:00+00:00,42182099999,31.066666666666666,1009.2666666666667,61.61522469320015,1
2024-04-09 21:00:00+00:00,42182099999,31.066666666666666,1009.1,64.06828882011946,1
2024-04-09 22:00:00+00:00,42182099999,31.066666666666666,1009.3333333333334,68.22152690316598,1
2024-04-09 23:00:00+00:00,42182099999,31.066666666666666,1009.5666666666666,72.37476498621248,1
2024-04-10 00:00:00+00:00,42182099999,31.066666666666666,1009.8,76.528003069259,1
2024-04-10 01:00:00+00:00,42182099999,31.066666666666666,1010.1666666666666,69.4125949823314,1
2024-04-10 02:00:00+00:00,42182099999,31.066666666666666,1010.5333333333333,62.297186895403804,1
2024-04-10 03:00:00+00:00,42182099999,31.066666666666666,1010.9,55.1817788084762,1
2024-04-10 04:00:00+00:00,42182099999,31.066666666666666,1010.6333333333333,46.93413186911589,1
2024-04-10 05:00:00+00:00,42182099999,31.066666666666666,1010.3666666666667,38.686484929755565,1
2024-04-10 06:00:00+00:00,42182099999,31.066666666666666,1010.1,30.438837990395246,1
2024-04-10 07:00:00+00:00,42182099999,31.066666666666666,1009.3333333333334,29.700053536414046,1
2024-04-10 08:00:00+00:00,42182099999,31.066666666666666,1008.5666666666667,28.961269082432846,1
2024-04-10 09:00:00+00:00,42182099999,31.066666666666666,1007.8,28.222484628451646,1
2024-04-10 10:00:00+00:00,42182099999,31.066666666666666,1007.0333333333333,27.483700174470442,1
2024-04-10 11:00:00+00:00,42182099999,31.066666666666666,1006.2666666666667,26.744915720489242,1
2024-04-10 12:00:00+00:00,42182099999,31.066666666666666,1005.5,26.006131266508042,1
2024-04-10 13:00:00+00:00,42182099999,31.066666666666666,1006.3666666666667,31.07341573904774,1
2024-04-10 14:00:00+00:00,42182099999,31.066666666666666,1007.2333333333333,36.140700211587436,1
2024-04-10 15:00:00+00:00,42182099999,31.066666666666666,1008.1,41.20798468412713,1
2024-04-10 16:00:00+00:00,42182099999,31.066666666666666,1008.7333333333333,44.93236867974671,1
2024-04-10 17:00:00+00:00,42182099999,31.066666666666666,1009.3666666666667,48.65675267536628,1
2024-04-10 18:00:00+00:00,42182099999,31.066666666666666,1010.0,52.38113667098585,1
2024-04-10 19:00:00+00:00,42182099999,31.066666666666666,1009.7666666666667,59.739783113418234,1
2024-04-10 20:00:00+00:00,42182099999,31.066666666666666,1009.5333333333333,67.09842955585061,1
2024-04-10 21:00:00+00:00,42182099999,31.066666666666666,1009.3,74.45707599828299,1
2024-04-10 22:00:00+00:00,42182099999,31.066666666666666,1009.6,74.00960414440388,1
2024-04-10 23:00:00+00:00,42182099999,31.066666666666666,1009.9,73.56213229052476,1
2024-04-11 00:00:00+00:00,42182099999,31.066666666666666,1010.2,73.11466043664565,1
2024-04-11 01:00:00+00:00,42182099999,31.066666666666666,1010.8000000000001,67.92248108910567,1
2024-04-11 02:00:00+00:00,42182099999,31.066666666666666,1011.4,62.73030174156569,1
2024-04-11 03:00:00+00:00,42182099999,31.066666666666666,1012.0,57.53812239402571,1
2024-04-11 04:00:00+00:00,42182099999,31.066666666666666,1011.8333333333334,50.39452581138313,1
2024-04-11 05:00:00+00:00,42182099999,31.066666666666666,1011.6666666666666,43.250929228740546,1
2024-04-11 06:00:00+00:00,42182099999,31.066666666666666,1011.5,36.107332646097966,1
2024-04-11 07:00:00+00:00,42182099999,31.066666666666666,1010.5333333333333,33.083312321239305,1
2024-04-11 08:00:00+00:00,42182099999,31.066666666666666,1009.5666666666667,30.059291996380637,1
2024-04-11 09:00:00+00:00,42182099999,31.066666666666666,1008.6,27.035271671521972,1
2024-04-11 10:00:00+00:00,42182099999,31.066666666666666,1008.2333333333333,29.141757980860564,1
2024-04-11 11:00:00+00:00,42182099999,31.066666666666666,1007.8666666666667,31.248244290199153,1
2024-04-11 12:00:00+00:00,42182099999,31.066666666666666,1007.5,33.354730599537746,1
2024-04-11 13:00:00+00:00,42182099999,31.066666666666666,1008.3333333333334,36.680272961931195,1
2024-04-11 14:00:00+00:00,42182099999,31.066666666666666,1009.1666666666666,40.00581532432465,1
2024-04-11 15:00:00+00:00,42182099999,31.066666666666666,1010.0,43.3313576867181,1
2024-04-11 16:00:00+00:00,42182099999,31.066666666666666,1010.1,46.96563897703965,1
2024-04-11 17:00:00+00:00,42182099999,31.066666666666666,1010.1999999999999,50.5999202673612,1
2024-04-11 18:00:00+00:00,42182099999,31.066666666666666,1010.3,54.23420155768275,1
2024-04-11 19:00:00+00:00,42182099999,31.066666666666666,1009.9666666666666,57.513510520396075,1
2024-04-11 20:00:00+00:00,42182099999,31.066666666666666,1009.6333333333333,60.79281948310939,1
2024-04-11 21:00:00+00:00,42182099999,31.066666666666666,1009.3,64.07212844582271,1
2024-04-11 22:00:00+00:00,42182099999,31.066666666666666,1009.2666666666667,66.83661492200149,1
2024-04-11 23:00:00+00:00,42182099999,31.066666666666666,1009.2333333333333,69.60110139818028,1
2024-04-12 00:00:00+00:00,42182099999,31.066666666666666,1009.2,72.36558787435905,1
2024-04-12 01:00:00+00:00,42182099999,31.066666666666666,1009.9,68.48121282083889,1
2024-04-12 02:00:00+00:00,42182099999,31.066666666666666,1010.6,64.59683776731872,1
2024-04-12 03:00:00+00:00,42182099999,31.066666666666666,1011.3,60.71246271379855,1
2024-04-12 04:00:00+00:00,42182099999,31.066666666666666,1011.0333333333333,52.05921877498145,1
2024-04-12 05:00:00+00:00,42182099999,31.066666666666666,1010.7666666666667,43.40597483616435,1
2024-04-12 06:00:00+00:00,42182099999,31.066666666666666,1010.5,34.75273089734725,1
2024-04-12 07:00:00+00:00,42182099999,31.066666666666666,1009.7,31.695523545262027,1
2024-04-12 08:00:00+00:00,42182099999,31.066666666666666,1008.9,28.63831619317681,1
2024-04-12 09:00:00+00:00,42182099999,31.066666666666666,1008.1,25.581108841091588,1
2024-04-12 10:00:00+00:00,42182099999,31.066666666666666,1007.3666666666667,27.614391253458173,1
2024-04-12 11:00:00+00:00,42182099999,31.066666666666666,1006.6333333333333,29.647673665824755,1
2024-04-12 12:00:00+00:00,42182099999,31.066666666666666,1005.9,31.68095607819134,1
2024-04-12 13:00:00+00:00,42182099999,31.066666666666666,1006.6333333333333,38.125224703206925,1
2024-04-12 14:00:00+00:00,42182099999,31.066666666666666,1007.3666666666667,44.569493328222514,1
2024-04-12 15:00:00+00:00,42182099999,31.066666666666666,1008.1,51.0137619532381,1
2024-04-12 16:00:00+00:00,42182099999,31.066666666666666,1008.5666666666667,54.93463151163868,1
2024-04-12 17:00:00+00:00,42182099999,31.066666666666666,1009.0333333333333,58.85550107003925,1
2024-04-12 18:00:00+00:00,42182099999,31.066666666666666,1009.5,62.77637062843983,1
2024-04-12 19:00:00+00:00,42182099999,31.066666666666666,1009.2,65.34370634867975,1
2024-04-12 20:00:00+00:00,42182099999,31.066666666666666,1008.9,67.91104206891966,1
2024-04-12 21:00:00+00:00,42182099999,31.066666666666666,1008.6,70.47837778915957,1
2024-04-12 22:00:00+00:00,42182099999,31.066666666666666,1008.7333333333333,67.96876458933829,1
2024-04-12 23:00:00+00:00,42182099999,31.066666666666666,1008.8666666666667,65.45915138951702,1
2024-04-13 00:00:00+00:00,42182099999,31.066666666666666,1009.0,62.949538189695744,1
2024-04-13 01:00:00+00:00,42182099999,31.066666666666666,1009.3666666666667,59.708466204619405,1
2024-04-13 02:00:00+00:00,42182099999,31.066666666666666,1009.7333333333333,56.46739421954307,1
2024-04-13 03:00:00+00:00,42182099999,31.066666666666666,1010.1,53.22632223446673,1
2024-04-13 04:00:00+00:00,42182099999,31.066666666666666,1009.7,45.88818454945768,1
2024-04-13 05:00:00+00:00,42182099999,31.066666666666666,1009.3,38.55004686444863,1
2024-04-13 06:00:00+00:00,42182099999,31.066666666666666,1008.9,31.21190917943958,1
2024-04-13 07:00:00+00:00,42182099999,31.066666666666666,1008.0,30.944064889048693,1
2024-04-13 08:00:00+00:00,42182099999,31.066666666666666,1007.1,30.676220598657803,1
2024-04-13 09:00:00+00:00,42182099999,31.066666666666666,1006.2,30.408376308266917,1
2024-04-13 10:00:00+00:00,42182099999,31.066666666666666,1006.8666666666667,38.16382637158148,1
2024-04-13 11:00:00+00:00,42182099999,31.066666666666666,1007.5333333333334,45.91927643489605,1
2024-04-13 12:00:00+00:00,42182099999,31.066666666666666,1008.2,53.67472649821062,1
2024-04-13 13:00:00+00:00,42182099999,31.066666666666666,1008.2,61.43017656152518,1
2024-04-13 14:00:00+00:00,42182099999,31.066666666666666,1008.2,69.18562662483976,1
2024-04-13 15:00:00+00:00,42182099999,31.066666666666666,1008.2,76.94107668815431,1
2024-04-13 16:00:00+00:00,42182099999,31.066666666666666,1009.0333333333334,70.48947181201873,1
2024-04-13 17:00:00+00:00,42182099999,31.066666666666666,1009.8666666666667,64.03786693588316,1
2024-04-13 18:00:00+00:00,42182099999,31.066666666666666,1010.7,57.58626205974758,1
2024-04-13 19:00:00+00:00,42182099999,31.066666666666666,1010.3000000000001,59.522244800083506,1
2024-04-13 20:00:00+00:00,42182099999,31.066666666666666,1009.9,61.458227540419436,1
2024-04-13 21:00:00+00:00,42182099999,31.066666666666666,1009.5,63.39421028075536,1
2024-04-13 22:00:00+00:00,42182099999,31.066666666666666,1009.7333333333333,65.34291769454978,1
2024-04-13 23:00:00+00:00,42182099999,31.066666666666666,1009.9666666666667,67.2916251083442,1
2024-04-14 00:00:00+00:00,42182099999,31.066666666666666,1010.2,69.24033252213863,1
2024-04-14 01:00:00+00:00,42182099999,31.066666666666666,1011.1333333333333,69.01791575416766,1
2024-04-14 02:00:00+00:00,42182099999,31.066666666666666,1012.0666666666667,68.79549898619669,1
2024-04-14 03:00:00+00:00,42182099999,31.066666666666666,1013.0,68.57308221822572,1
2024-04-14 04:00:00+00:00,42182099999,31.066666666666666,1013.2333333333333,68.76713294519026,1
2024-04-14 05:00:00+00:00,42182099999,31.066666666666666,1013.4666666666667,68.96118367215479,1
2024-04-14 06:00:00+00:00,42182099999,31.066666666666666,1013.7,69.15523439911932,1
2024-04-14 07:00:00+00:00,42182099999,31.066666666666666,1012.3333333333334,62.66996111339189,1
2024-04-14 08:00:00+00:00,42182099999,31.066666666666666,1010.9666666666667,56.184687827664455,1
2024-04-14 09:00:00+00:00,42182099999,31.066666666666666,1009.6,49.699414541937024,1
2024-04-14 10:00:00+00:00,42182099999,31.066666666666666,1009.4666666666667,52.12155074927769,1
2024-04-14 11:00:00+00:00,42182099999,31.066666666666666,1009.3333333333334,54.543686956618345,1
2024-04-14 12:00:00+00:00,42182099999,31.066666666666666,1009.2,56.96582316395901,1
2024-04-14 13:00:00+00:00,42182099999,31.066666666666666,1009.8333333333334,61.886727816356604,1
2024-04-14 14:00:00+00:00,42182099999,31.066666666666666,1010.4666666666667,66.8076324687542,1
2024-04-14 15:00:00+00:00,42182099999,31.066666666666666,1011.1,71.7285371211518,1
2024-04-14 16:00:00+00:00,42182099999,31.066666666666666,1011.1,75.25908543270731,1
2024-04-14 17:00:00+00:00,42182099999,31.066666666666666,1011.1,78.78963374426283,1
2024-04-14 18:00:00+00:00,42182099999,31.066666666666666,1011.1,82.32018205581834,1
2024-04-14 19:00:00+00:00,42182099999,31.066666666666666,1010.9333333333334,82.95218700161699,1
2024-04-14 20:00:00+00:00,42182099999,31.066666666666666,1010.7666666666667,83.58419194741566,1
2024-04-14 21:00:00+00:00,42182099999,31.066666666666666,1010.6,84.21619689321432,1
2024-04-14 22:00:00+00:00,42182099999,31.066666666666666,1010.7333333333333,84.23076775888944,1
2024-04-14 23:00:00+00:00,42182099999,31.066666666666666,1010.8666666666667,84.24533862456455,1
2024-04-15 00:00:00+00:00,42182099999,31.066666666666666,1011.0,84.25990949023968,1
2024-04-15 01:00:00+00:00,42182099999,31.066666666666666,1011.3666666666667,81.12394053249281,1
2024-04-15 02:00:00+00:00,42182099999,31.066666666666666,1011.7333333333333,77.98797157474594,1
2024-04-15 03:00:00+00:00,42182099999,31.066666666666666,1012.1,74.85200261699907,1
2024-04-15 04:00:00+00:00,42182099999,31.066666666666666,1012.1,64.34123058348408,1
2024-04-15 05:00:00+00:00,42182099999,31.066666666666666,1012.1,53.830458549969066,1
2024-04-15 06:00:00+00:00,42182099999,31.066666666666666,1012.1,43.31968651645407,1
2024-04-15 07:00:00+00:00,42182099999,31.066666666666666,1011.2333333333333,43.052676244415814,1
2024-04-15 08:00:00+00:00,42182099999,31.066666666666666,1010.3666666666667,42.78566597237755,1
2024-04-15 09:00:00+00:00,42182099999,31.066666666666666,1009.5,42.518655700339295,1
2024-04-15 10:00:00+00:00,42182099999,31.066666666666666,1008.9333333333333,43.51865729568186,1
2024-04-15 11:00:00+00:00,42182099999,31.066666666666666,1008.3666666666667,44.51865889102444,1
2024-04-15 12:00:00+00:00,42182099999,31.066666666666666,1007.8,45.518660486367004,1
2024-04-15 13:00:00+00:00,42182099999,31.066666666666666,1008.5,52.814163443549496,1
2024-04-15 14:00:00+00:00,42182099999,31.066666666666666,1009.1999999999999,60.10966640073198,1
2024-04-15 15:00:00+00:00,42182099999,31.066666666666666,1009.9,67.40516935791447,1
2024-04-15 16:00:00+00:00,42182099999,31.066666666666666,1009.9666666666667,71.26386484014652,1
2024-04-15 17:00:00+00:00,42182099999,31.066666666666666,1010.0333333333333,75.12256032237859,1
2024-04-15 18:00:00+00:00,42182099999,31.066666666666666,1010.1,78.98125580461064,1
2024-04-15 19:00:00+00:00,42182099999,31.066666666666666,1009.9,77.86028194403191,1
2024-04-15 20:00:00+00:00,42182099999,31.066666666666666,1009.7,76.73930808345317,1
2024-04-15 21:00:00+00:00,42182099999,31.066666666666666,1009.5,75.61833422287444,1
2024-04-15 22:00:00+00:00,42182099999,31.066666666666666,1009.4306666666666,75.31503683400481,1
2024-04-15 23:00:00+00:00,42182099999,31.066666666666666,1009.3613333333333,75.0117394451352,1
2024-04-16 00:00:00+00:00,42182099999,31.066666666666666,1009.292,74.70844205626558,1
2024-04-16 01:00:00+00:00,42182099999,31.066666666666666,1009.2226666666667,74.40514466739596,1
2024-04-16 02:00:00+00:00,42182099999,31.066666666666666,1009.1533333333333,74.10184727852634,1
2024-04-16 03:00:00+00:00,42182099999,24.944,1009.084,73.79854988965673,0
2024-04-16 04:00:00+00:00,42182099999,,,,0
2024-04-16 05:00:00+00:00,42182099999,,,,0
2024-04-16 06:00:00+00:00,42182099999,,,,0
2024-04-16 07:00:00+00:00,42182099999,,,,0
2024-04-16 08:00:00+00:00,42182099999,,,,0
2024-04-16 09:00:00+00:00,42182099999,,,,0
2024-04-16 10:00:00+00:00,42182099999,,,,0
2024-04-16 11:00:00+00:00,42182099999,,,,0
2024-04-16 12:00:00+00:00,42182099999,,,,0
2024-04-16 13:00:00+00:00,42182099999,,,,0
2024-04-16 14:00:00+00:00,42182099999,,,,0
2024-04-16 15:00:00+00:00,42182099999,,,,0
2024-04-16 16:00:00+00:00,42182099999,,,,0
2024-04-16 17:00:00+00:00,42182099999,,,,0
2024-04-16 18:00:00+00:00,42182099999,,,,0
2024-04-16 19:00:00+00:00,42182099999,,,,0
2024-04-16 20:00:00+00:00,42182099999,,,,0
2024-04-16 21:00:00+00:00,42182099999,,,,0
2024-04-16 22:00:00+00:00,42182099999,,,,0
2024-04-16 23:00:00+00:00,42182099999,,,,0
2024-04-17 00:00:00+00:00,42182099999,,,,0
2024-04-17 01:00:00+00:00,42182099999,,,,0
2024-04-17 02:00:00+00:00,42182099999,,,,0
2024-04-17 03:00:00+00:00,42182099999,,,,0
2024-04-17 04:00:00+00:00,42182099999,,,,0
2024-04-17 05:00:00+00:00,42182099999,,,,0
2024-04-17 06:00:00+00:00,42182099999,,,,0
2024-04-17 07:00:00+00:00,42182099999,,,,0
2024-04-17 08:00:00+00:00,42182099999,,,,0
2024-04-17 09:00:00+00:00,42182099999,,,,0
2024-04-17 10:00:00+00:00,42182099999,,,,0
2024-04-17 11:00:00+00:00,42182099999,,,,0
2024-04-17 12:00:00+00:00,42182099999,,,,0
2024-04-17 13:00:00+00:00,42182099999,,,,0
2024-04-17 14:00:00+00:00,42182099999,,,,0
2024-04-17 15:00:00+00:00,42182099999,,,,0
2024-04-17 16:00:00+00:00,42182099999,,,,0
2024-04-17 17:00:00+00:00,42182099999,,,,0
2024-04-17 18:00:00+00:00,42182099999,,,,0
2024-04-17 19:00:00+00:00,42182099999,,,,0
2024-04-17 20:00:00+00:00,42182099999,,,,0
2024-04-17 21:00:00+00:00,42182099999,,,,0
2024-04-17 22:00:00+00:00,42182099999,,,,0
2024-04-17 23:00:00+00:00,42182099999,,,,0
2024-04-18 00:00:00+00:00,42182099999,,,,0
2024-04-18 01:00:00+00:00,42182099999,,,,0
2024-04-18 02:00:00+00:00,42182099999,,,,0
